ID azienda,Area of Activity,EMTAK Code,NACE Code,Source
2,Other activities auxiliary to financial services that are not classified elsewhere,66199 (EMTAK 2008),66.19,Electronic submission
3,Specialised design activities,74101 (EMTAK 2008),74.1,Annual report
4,Computer programming activities,62011 (EMTAK 2008),62.01,Annual report
5,Construction of residential and non-residential buildings,41201 (EMTAK 2008),41.2,Electronic submission
6,"Renting and operational leasing of other machinery, equipment and tangible assets not classified elsewhere",77399 (EMTAK 2008),77.39,Annual report
7,Manufacture of plastic packing goods \xc2\xa0,22221 (EMTAK 2008),22.22,Annual report
8,"Other retail sale not in stores, stalls or markets",47991 (EMTAK 2008),47.99,Statistics Estonia
9,"Activities of saunas, sunbeds and massage salons and other services related to physical well-being",96041 (EMTAK 2008),96.04,Electronic submission
11,Business and other management consultancy activities,70221 (EMTAK 2008),70.22,Electronic submission
12,Holiday home (chalets),55202 (EMTAK 2008),55.2,Annual report
14,Specialised design activities,74101 (EMTAK 2008),74.1,Annual report
17,Activities attorneys and law offices,69101 (EMTAK 2008),69.1,Annual report
18,Business and other management consultancy activities,70221 (EMTAK 2008),70.22,Annual report
19,"Retail sale in non-specialised stores with food, beverages or tobacco predominating",47111 (EMTAK 2008),47.11,Annual report
20,Other building completion and finishing,43391 (EMTAK 2008),43.39,Annual report
21,Buying and selling of own real estate,68101 (EMTAK 2008),68.1,Electronic submission
22,Hairdressing and other beauty treatment,96021 (EMTAK 2008),96.02,Annual report
23,Associations and foundations for the purpose of regional/local life development and support,94992 (EMTAK 2008),94.99,Annual report
24,"Retail sale in non-specialised stores with food, beverages or tobacco predominating",47111 (EMTAK 2008),47.11,Annual report
25,Buying and selling of own real estate,68101 (EMTAK 2008),68.1,Electronic submission
27,Computer programming activities,62011 (EMTAK 2008),62.01,Annual report
33,Management of gardening and cottage associations,68322 (EMTAK 2008),68.32,Annual report
34,Management of gardening and cottage associations,68322 (EMTAK 2008),68.32,Annual report
36,Management of gardening and cottage associations,68322 (EMTAK 2008),68.32,Annual report
37,Management of gardening and cottage associations,68322 (EMTAK 2008),68.32,Field of activity code data encoding by RIK
38,"Management of buildings and rental houses (apartment associations, housing associations, building associations etc)",68321 (EMTAK 2008),68.32,Annual report
40,Associations and foundations for the purpose of regional/local life development and support,94992 (EMTAK 2008),94.99,Annual report
42,Management of gardening and cottage associations,68322 (EMTAK 2008),68.32,Annual report
45,Landscape service activities,81301 (EMTAK 2008),81.3,Annual report
46,Management of gardening and cottage associations,68322 (EMTAK 2008),68.32,Annual report
49,Bee keeping,01491 (EMTAK 2008),1.49,Annual report
50,Rental and operating of own or leased real estate,68201 (EMTAK 2008),68.2,Annual report
51,"Retail sale in non-specialised stores with food, beverages or tobacco predominating",47111 (EMTAK 2008),47.11,Annual report
52,Other personal service activities n.e.c.,9609 (EMTAK 2008),96.09,Annual report
53,Business and other management consultancy activities,70221 (EMTAK 2008),70.22,Annual report
54,Construction of residential and non-residential buildings,41201 (EMTAK 2008),41.2,Electronic submission
55,"Activities of saunas, sunbeds and massage salons and other services related to physical well-being",96041 (EMTAK 2008),96.04,Annual report
56,Other human resources provision,78301 (EMTAK 2008),78.3,Annual report
57,Other business support service activities n.e.c.,82991 (EMTAK 2008),82.99,Annual report
58,Other education n.e.c.,8559 (EMTAK 2008),85.59,Electronic submission
60,Taxi operation,49321 (EMTAK 2008),49.32,Electronic submission
64,Hairdressing and other beauty treatment,96021 (EMTAK 2008),96.02,Annual report
67,Production of electricity,3511 (EMTAK 2008),35.11,Electronic submission
68,Production of electricity,3511 (EMTAK 2008),35.11,Electronic submission
69,Production of electricity,3511 (EMTAK 2008),35.11,Electronic submission
70,Production of electricity,3511 (EMTAK 2008),35.11,Electronic submission
71,Production of electricity,3511 (EMTAK 2008),35.11,Electronic submission
72,Production of electricity,3511 (EMTAK 2008),35.11,Electronic submission
73,Combined facilities support activities,81101 (EMTAK 2008),81.1,Annual report
74,Other electronical communications services,61901 (EMTAK 2008),61.9,Annual report
75,Rental and operating of own or leased real estate,68201 (EMTAK 2008),68.2,Electronic submission
77,Agents involved in the sale of a variety of goods,46191 (EMTAK 2008),46.19,Other source
79,Specialised design activities,74101 (EMTAK 2008),74.1,Electronic submission
80,Business and other management consultancy activities,70221 (EMTAK 2008),70.22,Annual report
82,Computer programming activities,62011 (EMTAK 2008),62.01,Electronic submission
84,Business and other management consultancy activities,70221 (EMTAK 2008),70.22,Annual report
86,Other business support service activities n.e.c.,82991 (EMTAK 2008),82.99,Annual report
87,Rental and operating of own or leased real estate,68201 (EMTAK 2008),68.2,Annual report
90,Retail sale of household articles and equipment n.e.c.,47599 (EMTAK 2008),47.59,Annual report
92,"Other financial service activities, except insurance and pension funding n.e.c.",64991 (EMTAK 2008),64.99,Electronic submission
93,Development of building projects,41101 (EMTAK 2008),41.1,Electronic submission
94,Other information technology and computer service activities,62091 (EMTAK 2008),62.09,Annual report
98,Computer programming activities,62011 (EMTAK 2008),62.01,Annual report
99,Web portals,63121 (EMTAK 2008),63.12,Electronic submission
101,"Management of buildings and rental houses (apartment associations, housing associations, building associations etc)",68321 (EMTAK 2008),68.32,Annual report
102,Computer programming activities,62011 (EMTAK 2008),62.01,Annual report
103,Freight transport by road,49411 (EMTAK 2008),49.41,Annual report
104,"Bookkeeping, tax consulting",69202 (EMTAK 2008),69.2,Annual report
105,Hotels,55101 (EMTAK 2008),55.1,Annual report
106,Rental and operating of own or leased real estate,68201 (EMTAK 2008),68.2,Annual report
108,Other software publishing,58291 (EMTAK 2008),58.29,Electronic submission
111,Other information technology and computer service activities,62091 (EMTAK 2008),62.09,Annual report
112,Other real estate management or related activities,68329 (EMTAK 2008),68.32,Annual report
113,Photographic activities,74201 (EMTAK 2008),74.2,Annual report
114,Activities of holding companies,64201 (EMTAK 2008),64.2,Recoding
115,Maintenance and repair of motor vehicles,45201 (EMTAK 2008),45.2,Annual report
117,Other business support service activities n.e.c.,82991 (EMTAK 2008),82.99,Electronic submission
118,Freight transport by road,49411 (EMTAK 2008),49.41,Annual report
119,Other building completion and finishing,43391 (EMTAK 2008),43.39,Annual report
123,Performing arts,9001 (EMTAK 2008),90.01,Annual report
124,"Other financial service activities, except insurance and pension funding n.e.c.",64991 (EMTAK 2008),64.99,Annual report
125,Freight transport by road,49411 (EMTAK 2008),49.41,Annual report
126,Car washing and other services,45202 (EMTAK 2008),45.2,Electronic submission
127,Car washing and other services,45202 (EMTAK 2008),45.2,Annual report
129,Rental and operating of own or leased real estate,68201 (EMTAK 2008),68.2,Annual report
130,Manufacture of furniture parts,31092 (EMTAK 2008),31.09,Annual report
131,Electrical installation,4321 (EMTAK 2008),43.21,Annual report
132,Other business support service activities n.e.c.,82991 (EMTAK 2008),82.99,Electronic submission
134,"Wholesale of other general-purpose and special-purpose machinery, apparatus and equipment",46699 (EMTAK 2008),46.69,Annual report
135,Retail trade of motor vehicle parts and accessories,45321 (EMTAK 2008),45.32,Electronic submission
136,Retail trade of motor vehicle parts and accessories,4532 (EMTAK 2008),45.32,Annual report
137,Maintenance and repair of motor vehicles,45201 (EMTAK 2008),45.2,Annual report
139,Wholesale of sanitary equipment and other construction materials,46732 (EMTAK 2008),46.73,Annual report
140,Sea ship loading services (freighting),52292 (EMTAK 2008),52.29,Annual report
143,"Manufacture of prefabricated wooden buildings (e.g. saunas, summerhouses, houses) or elements thereof",16232 (EMTAK 2008),16.23,Annual report
145,Business and other management consultancy activities,70221 (EMTAK 2008),70.22,Annual report
146,Business and other management consultancy activities,70221 (EMTAK 2008),70.22,Annual report
147,Activities of insurance agents and brokers,66221 (EMTAK 2008),66.22,Annual report
148,"Management of buildings and rental houses (apartment associations, housing associations, building associations etc)",68321 (EMTAK 2008),68.32,Annual report
149,Retail sale via mail order houses or via Internet,47911 (EMTAK 2008),47.91,Annual report
150,Wholesale of perfume and cosmetics,46451 (EMTAK 2008),46.45,Annual report
151,Wholesale of perfume and cosmetics,46451 (EMTAK 2008),46.45,Annual report
152,Hairdressing and other beauty treatment,96021 (EMTAK 2008),96.02,Electronic submission
155,"Other retail sale not in stores, stalls or markets",47991 (EMTAK 2008),47.99,Electronic submission
156,Wholesale of wood and products for the first-stage processing of wood,46731 (EMTAK 2008),46.73,Annual report
157,Construction of residential and non-residential buildings,41201 (EMTAK 2008),41.2,Annual report
158,"Quarrying of ornamental and building stone, limestone, gypsum, chalk and slate",08111 (EMTAK 2008),8.11,Electronic submission
160,Advertising agencies,73111 (EMTAK 2008),73.11,Electronic submission
161,Motion picture and video production,59111 (EMTAK 2008),59.11,Electronic submission
162,Business and other management consultancy activities,70221 (EMTAK 2008),70.22,Electronic submission
163,Agents involved in the sale of a variety of goods,46191 (EMTAK 2008),46.19,Annual report
164,Other education not classified elsewhere,85599 (EMTAK 2008),85.59,Annual report
166,Removal services,49421 (EMTAK 2008),49.42,Annual report
167,Business and other management consultancy activities,70221 (EMTAK 2008),70.22,Annual report
168,Other hobby education,85529 (EMTAK 2008),85.52,Annual report
169,Web portals,63121 (EMTAK 2008),63.12,Electronic submission
170,Computer programming activities,62011 (EMTAK 2008),62.01,Electronic submission
171,Car washing and other services,45202 (EMTAK 2008),45.2,Annual report
172,Computer programming activities,62011 (EMTAK 2008),62.01,Annual report
173,Other publishing activities,58191 (EMTAK 2008),58.19,Annual report
174,Other business support service activities n.e.c.,82991 (EMTAK 2008),82.99,Electronic submission
175,Other sports activities,9319 (EMTAK 2008),93.19,Electronic submission
176,Other service activities,96099 (EMTAK 2008),96.09,Annual report
177,Buying and selling of own real estate,68101 (EMTAK 2008),68.1,Electronic submission
178,Other business support service activities n.e.c.,82991 (EMTAK 2008),82.99,Annual report
179,Computer programming activities,62011 (EMTAK 2008),62.01,Electronic submission
180,Retail sale of goods n.e.c.,47789 (EMTAK 2008),47.78,Annual report
181,Computer programming activities,62011 (EMTAK 2008),62.01,Annual report
182,"Other professional, scientific and technical activities n.e.c.",74901 (EMTAK 2008),74.9,Electronic submission
183,Wholesale trade of motor vehicle parts and accessories,45311 (EMTAK 2008),45.31,Annual report
184,Retail trade of motor vehicle parts and accessories,45321 (EMTAK 2008),45.32,Annual report
185,Business and other management consultancy activities,70221 (EMTAK 2008),70.22,Annual report
186,Retail sale of souvenirs and craftwork articles in specialised stores,47783 (EMTAK 2008),47.78,Electronic submission
187,Fund management activities,66301 (EMTAK 2008),66.3,Electronic submission
188,Car washing and other services,45202 (EMTAK 2008),45.2,Electronic submission
190,Business and other management consultancy activities,70221 (EMTAK 2008),70.22,Annual report
192,Other business support service activities n.e.c.,8299 (EMTAK 2008),82.99,Annual report
193,Business and other management consultancy activities,70221 (EMTAK 2008),70.22,Annual report
194,Business and other management consultancy activities,70221 (EMTAK 2008),70.22,Annual report
195,"Other financial service activities, except insurance and pension funding n.e.c.",64991 (EMTAK 2008),64.99,Electronic submission
197,Other service activities,96099 (EMTAK 2008),96.09,Electronic submission
198,Constructional engineering-technical designing and consulting,71121 (EMTAK 2008),71.12,Annual report
199,Hairdressing and other beauty treatment,96021 (EMTAK 2008),96.02,Annual report
200,Other food service activities,56291 (EMTAK 2008),56.29,Annual report
201,"Other financial service activities, except insurance and pension funding n.e.c.",64991 (EMTAK 2008),64.99,Electronic submission
202,Repair and maintenance of other transport equipment,33171 (EMTAK 2008),33.17,Annual report
203,"Other retail sale not in stores, stalls or markets",47991 (EMTAK 2008),47.99,Annual report
205,Other legal activities,69109 (EMTAK 2008),69.1,Annual report
206,Other information technology and computer service activities,62091 (EMTAK 2008),62.09,Electronic submission
207,Other education not classified elsewhere,85599 (EMTAK 2008),85.59,Electronic submission
208,Other software publishing,58291 (EMTAK 2008),58.29,Electronic submission
209,Computer programming activities,62011 (EMTAK 2008),62.01,Electronic submission
210,Computer programming activities,62011 (EMTAK 2008),62.01,Electronic submission
211,Temporary employment agency activities,78201 (EMTAK 2008),78.2,Annual report
212,Other research and experimental development on natural sciences and engineering,72191 (EMTAK 2008),72.19,Annual report
213,"Data processing, hosting and related activities",63111 (EMTAK 2008),63.11,Annual report
214,Business and other management consultancy activities,70221 (EMTAK 2008),70.22,Annual report
215,Computer consultancy activities,62021 (EMTAK 2008),62.02,Annual report
216,Other business support service activities n.e.c.,82991 (EMTAK 2008),82.99,Electronic submission
217,Hairdressing and other beauty treatment,96021 (EMTAK 2008),96.02,Annual report
218,Real estate agencies,68311 (EMTAK 2008),68.31,Annual report
221,Hairdressing and other beauty treatment,96021 (EMTAK 2008),96.02,Annual report
223,Computer programming activities,62011 (EMTAK 2008),62.01,Annual report
224,Computer consultancy activities,62021 (EMTAK 2008),62.02,Annual report
225,Computer programming activities,62011 (EMTAK 2008),62.01,Electronic submission
226,Business and other management consultancy activities,7022 (EMTAK 2008),70.22,Annual report
227,"Bookkeeping, tax consulting",69202 (EMTAK 2008),69.2,Annual report
228,Retail sale via mail order houses or via Internet,4791 (EMTAK 2008),47.91,Annual report
232,Computer consultancy activities,62021 (EMTAK 2008),62.02,Electronic submission
233,Agents involved in the sale of a variety of goods,46191 (EMTAK 2008),46.19,Annual report
234,Constructional engineering-technical designing and consulting,71121 (EMTAK 2008),71.12,Annual report
235,Wholesale of other intermediate products,46761 (EMTAK 2008),46.76,Annual report
236,Freight transport by road,49411 (EMTAK 2008),49.41,Field of activity code data encoding by RIK
237,Pet care services,96091 (EMTAK 2008),96.09,Annual report
239,Other retail sale in non-specialised stores,47191 (EMTAK 2008),47.19,Annual report
242,Other information technology and computer service activities,62091 (EMTAK 2008),62.09,Electronic submission
244,Other business support service activities n.e.c.,82991 (EMTAK 2008),82.99,Electronic submission
245,Removal services,49421 (EMTAK 2008),49.42,Annual report
246,Computer consultancy activities,62021 (EMTAK 2008),62.02,Electronic submission
247,Agents involved in the sale of timber and building materials,46131 (EMTAK 2008),46.13,Annual report
248,Manufacture of fertilisers and nitrogen compounds,20151 (EMTAK 2008),20.15,Annual report
249,Wholesale of solid fuels,46711 (EMTAK 2008),46.71,Annual report
250,Other information technology and computer service activities,62091 (EMTAK 2008),62.09,Annual report
251,Other amusement and recreation activities not classified elsewhere,93299 (EMTAK 2008),93.29,Annual report
252,"Associations and social clubs related to recreational activities, entertainment, cultural activities or hobbies",94995 (EMTAK 2008),94.99,Annual report
253,Other earth and soil works,43129 (EMTAK 2008),43.12,Annual report
258,Activities of other membership organisations n.e.c.,9499 (EMTAK 2008),94.99,Annual report
262,Museums activities,91021 (EMTAK 2008),91.02,Annual report
263,Activities of other organisations not classified elsewhere,94999 (EMTAK 2008),94.99,Annual report
264,Activities of business and employers membership organisations,9411 (EMTAK 2008),94.11,Annual report
265,Raising of other animals,01499 (EMTAK 2008),1.49,Annual report
268,Environment and nature protection associations,94996 (EMTAK 2008),94.99,Annual report
270,Activities of other organisations not classified elsewhere,94999 (EMTAK 2008),94.99,Annual report
272,Activities of parties,94921 (EMTAK 2008),94.92,Annual report
274,"Bookkeeping, tax consulting",69202 (EMTAK 2008),69.2,Annual report
275,Construction of residential and non-residential buildings,41201 (EMTAK 2008),41.2,Annual report
281,Temporary employment agency activities,78201 (EMTAK 2008),78.2,Annual report
282,Wholesale of sanitary equipment and other construction materials,46732 (EMTAK 2008),46.73,Electronic submission
283,Wholesale of other machinery and equipment,4669 (EMTAK 2008),46.69,Annual report
285,Organisation of conventions and trade shows,82301 (EMTAK 2008),82.3,Annual report
286,Activities of holding companies,64201 (EMTAK 2008),64.2,Electronic submission
287,Construction of residential and non-residential buildings,41201 (EMTAK 2008),41.2,Electronic submission
288,Other healthcare activities not classified elsewhere,86909 (EMTAK 2008),86.9,Electronic submission
289,Other research and experimental development on natural sciences and engineering,72191 (EMTAK 2008),72.19,Electronic submission
291,"Activities of saunas, sunbeds and massage salons and other services related to physical well-being",96041 (EMTAK 2008),96.04,Annual report
292,Translation and interpretation activities,74301 (EMTAK 2008),74.3,Electronic submission
293,Mixed farming,01501 (EMTAK 2008),1.5,Field of activity code data encoding by RIK
295,Specialised design activities,74101 (EMTAK 2008),74.1,Annual report
297,Manufacture of prefabricated metal buildings,25111 (EMTAK 2008),25.11,Annual report
298,Business and other management consultancy activities,70221 (EMTAK 2008),70.22,Annual report
302,Manufacture of doors and windows of metal \xc2\xa0,25121 (EMTAK 2008),25.12,Annual report
303,Buying and selling of own real estate,68101 (EMTAK 2008),68.1,Electronic submission
304,Wholesale of sanitary equipment and other construction materials,46732 (EMTAK 2008),46.73,Annual report
305,Construction of residential and non-residential buildings,41201 (EMTAK 2008),41.2,Annual report
306,General cleaning of buildings,81211 (EMTAK 2008),81.21,Annual report
307,Wholesale of sanitary equipment and other construction materials,46732 (EMTAK 2008),46.73,Annual report
308,Retail sale of other building material and goods in specialised stores,47529 (EMTAK 2008),47.52,Annual report
309,Non-specialised wholesale trade,46901 (EMTAK 2008),46.9,Annual report
310,"Wholesale of wood, construction materials and sanitary equipment",4673 (EMTAK 2008),46.73,Annual report
311,Retail sale of other building material and goods in specialised stores,47529 (EMTAK 2008),47.52,Annual report
312,Wholesale of sanitary equipment and other construction materials,46732 (EMTAK 2008),46.73,Annual report
313,Repair of furniture and home furnishings,95241 (EMTAK 2008),95.24,Annual report
316,Language training,85591 (EMTAK 2008),85.59,Annual report
317,Language training,85591 (EMTAK 2008),85.59,Annual report
320,Retail sale via mail order houses or via Internet,47911 (EMTAK 2008),47.91,Annual report
321,Landscape service activities,81301 (EMTAK 2008),81.3,Annual report
323,Other building completion and finishing,43391 (EMTAK 2008),43.39,Annual report
326,Other transportation support activities,5229 (EMTAK 2008),52.29,Annual report
327,Wholesale of metals and metal ores,46721 (EMTAK 2008),46.72,Annual report
328,Language training,85591 (EMTAK 2008),85.59,Electronic submission
329,"Retail sale of computers, peripheral units and software in specialised stores",47411 (EMTAK 2008),47.41,Annual report
330,Maintenance and repair of motor vehicles,45201 (EMTAK 2008),45.2,Electronic submission
331,Construction of residential and non-residential buildings,41201 (EMTAK 2008),41.2,Electronic submission
333,Rental and operating of own or leased real estate,6820 (EMTAK 2008),68.2,Annual report
335,"Wholesale of fish, crustaceans and fish products",46381 (EMTAK 2008),46.38,Annual report
336,Construction of residential and non-residential buildings,41201 (EMTAK 2008),41.2,Annual report
338,Culture centres and community centres,93291 (EMTAK 2008),93.29,Annual report
339,Hotels,55101 (EMTAK 2008),55.1,Annual report
340,"Retail sale via stalls and markets of food, beverages and tobacco products",47811 (EMTAK 2008),47.81,Annual report
341,Engineering activities and related technical consultancy,7112 (EMTAK 2008),71.12,Annual report
344,Electrical installation,4321 (EMTAK 2008),43.21,Annual report
345,Computer consultancy activities,62021 (EMTAK 2008),62.02,Annual report
348,Business and other management consultancy activities,70221 (EMTAK 2008),70.22,Annual report
349,Hairdressing and other beauty treatment,96021 (EMTAK 2008),96.02,Electronic submission
351,Hairdressing and other beauty treatment,96021 (EMTAK 2008),96.02,Annual report
352,"Bookkeeping, tax consulting",69202 (EMTAK 2008),69.2,Annual report
353,Rental and operating of own or leased real estate,68201 (EMTAK 2008),68.2,Annual report
354,Computer consultancy activities,62021 (EMTAK 2008),62.02,Annual report
355,Rental and operating of own or leased real estate,68201 (EMTAK 2008),68.2,Electronic submission
357,Artistic creation,90031 (EMTAK 2008),90.03,Electronic submission
358,Media representation,73121 (EMTAK 2008),73.12,Annual report
359,Activities of dance schools,85522 (EMTAK 2008),85.52,Annual report
361,Removal services,49421 (EMTAK 2008),49.42,Annual report
362,Rental and operating of own or leased real estate,68201 (EMTAK 2008),68.2,Electronic submission
364,"Restaurants, cafeterias and other catering places",56101 (EMTAK 2008),56.1,Annual report
365,"Associations and social clubs related to recreational activities, entertainment, cultural activities or hobbies",94995 (EMTAK 2008),94.99,Annual report
366,Business and other management consultancy activities,70221 (EMTAK 2008),70.22,Electronic submission
369,Business and other management consultancy activities,70221 (EMTAK 2008),70.22,Annual report
371,"Data processing, hosting and related activities",63111 (EMTAK 2008),63.11,Electronic submission
372,Business and other management consultancy activities,70221 (EMTAK 2008),70.22,Annual report
373,Other human resources provision,78301 (EMTAK 2008),78.3,Electronic submission
375,"Leasing of intellectual property and similar products, except copyrighted works",77401 (EMTAK 2008),77.4,Electronic submission
376,Rental and leasing of cars and light motor vehicles,77111 (EMTAK 2008),77.11,Annual report
377,Engineering activities and related technical consultancy,7112 (EMTAK 2008),71.12,Annual report
378,Retail sale via mail order houses or via Internet,47911 (EMTAK 2008),47.91,Annual report
381,Computer programming activities,62011 (EMTAK 2008),62.01,Annual report
382,Other information technology and computer service activities,62091 (EMTAK 2008),62.09,Annual report
383,Rental and operating of own or leased real estate,68201 (EMTAK 2008),68.2,Annual report
387,Real estate agencies,68311 (EMTAK 2008),68.31,Annual report
388,Hotels,55101 (EMTAK 2008),55.1,Annual report
389,Web portals,63121 (EMTAK 2008),63.12,Electronic submission
390,"Restaurants, cafeterias and other catering places",56101 (EMTAK 2008),56.1,Electronic submission
392,Advertising agencies,73111 (EMTAK 2008),73.11,Electronic submission
393,Construction of residential and non-residential buildings,41201 (EMTAK 2008),41.2,Annual report
394,Specialised design activities,74101 (EMTAK 2008),74.1,Annual report
395,Computer programming activities,62011 (EMTAK 2008),62.01,Electronic submission
398,Support services to forestry,02401 (EMTAK 2008),2.4,Annual report
399,Installation of electrical wiring and fittings,43211 (EMTAK 2008),43.21,Annual report
403,Activities of amusement parks and theme parks,93211 (EMTAK 2008),93.21,Annual report
404,Rental and operating of own or leased real estate,68201 (EMTAK 2008),68.2,Annual report
406,Support services to forestry,02401 (EMTAK 2008),2.4,Annual report
407,Business and other management consultancy activities,70221 (EMTAK 2008),70.22,Annual report
410,Activities of sports clubs,93121 (EMTAK 2008),93.12,Annual report
412,"Production and presentation of live concerts, musical creation and other similar activities",90012 (EMTAK 2008),90.01,Annual report
415,"Other financial service activities, except insurance and pension funding n.e.c.",64991 (EMTAK 2008),64.99,Electronic submission
416,Construction of residential and non-residential buildings,41201 (EMTAK 2008),41.2,Annual report
417,Other information technology and computer service activities,62091 (EMTAK 2008),62.09,Annual report
418,Other amusement and recreation activities not classified elsewhere,93299 (EMTAK 2008),93.29,Electronic submission
419,Other education not classified elsewhere,85599 (EMTAK 2008),85.59,Annual report
421,"Ethnic minorities organisations and cultural societies, associations for the purpose of integrityand friendship between nations",94994 (EMTAK 2008),94.99,Electronic submission
423,Other amusement and recreation activities not classified elsewhere,93299 (EMTAK 2008),93.29,Annual report
424,Language training,85591 (EMTAK 2008),85.59,Annual report
425,Language training,85591 (EMTAK 2008),85.59,Electronic submission
426,Other business support service activities n.e.c.,82991 (EMTAK 2008),82.99,Annual report
427,Culture centres and community centres,93291 (EMTAK 2008),93.29,Annual report
429,"Restaurants, cafeterias and other catering places",56101 (EMTAK 2008),56.1,Annual report
430,Language training,85591 (EMTAK 2008),85.59,Annual report
431,Rental and operating of own or leased real estate,68201 (EMTAK 2008),68.2,Electronic submission
434,Rental and operating of own or leased real estate,68201 (EMTAK 2008),68.2,Annual report
437,"Installation of heating, ventilation and air conditioning equipment",43221 (EMTAK 2008),43.22,Annual report
438,Translation and interpretation activities,74301 (EMTAK 2008),74.3,Annual report
439,Manufacture of other special-purpose machinery n.e.c.,28991 (EMTAK 2008),28.99,Electronic submission
440,Other personal service activities n.e.c.,9609 (EMTAK 2008),96.09,Annual report
441,Combined facilities support activities,81101 (EMTAK 2008),81.1,Annual report
443,Landscape service activities,81301 (EMTAK 2008),81.3,Annual report
445,Other service activities,96099 (EMTAK 2008),96.09,Electronic submission
447,"Other retail sale not in stores, stalls or markets",47991 (EMTAK 2008),47.99,Annual report
448,Other information service activities n.e.c.,63991 (EMTAK 2008),63.99,Electronic submission
450,"Other retail sale not in stores, stalls or markets",47991 (EMTAK 2008),47.99,Annual report
451,Activities of amusement parks and theme parks,93211 (EMTAK 2008),93.21,Electronic submission
453,Raising of other cattle and buffaloes,01421 (EMTAK 2008),1.42,Annual report
454,Freight transport by road,49411 (EMTAK 2008),49.41,Annual report
456,Buying and selling of own real estate,68101 (EMTAK 2008),68.1,Annual report
458,Hairdressing and other beauty treatment,96021 (EMTAK 2008),96.02,Annual report
459,Specialised design activities,74101 (EMTAK 2008),74.1,Annual report
460,Museums activities,91021 (EMTAK 2008),91.02,Electronic submission
461,Other business support service activities n.e.c.,82991 (EMTAK 2008),82.99,Annual report
462,Non-specialised wholesale trade,46901 (EMTAK 2008),46.9,Annual report
463,Car washing and other services,45202 (EMTAK 2008),45.2,Annual report
465,Installation of fire and burglar alarm systems,43212 (EMTAK 2008),43.21,Annual report
467,Computer programming activities,62011 (EMTAK 2008),62.01,Annual report
468,Computer consultancy activities,62021 (EMTAK 2008),62.02,Annual report
469,"Other retail sale not in stores, stalls or markets",47991 (EMTAK 2008),47.99,Annual report
470,Other information technology and computer service activities,62091 (EMTAK 2008),62.09,Annual report
472,"Bookkeeping, tax consulting",69202 (EMTAK 2008),69.2,Annual report
474,Pre\xe2\x88\x92press and pre\xe2\x88\x92media services,18131 (EMTAK 2008),18.13,Annual report
475,Constructional engineering-technical designing and consulting,71121 (EMTAK 2008),71.12,Annual report
476,Computer consultancy activities,62021 (EMTAK 2008),62.02,Annual report
477,Hairdressing and other beauty treatment,96021 (EMTAK 2008),96.02,Annual report
480,Electrical installation,4321 (EMTAK 2008),43.21,Electronic submission
481,Sale of cars and light motor vehicles,45111 (EMTAK 2008),45.11,Annual report
482,Other business support service activities n.e.c.,82991 (EMTAK 2008),82.99,Electronic submission
483,Other engineering-technical activities,71129 (EMTAK 2008),71.12,Electronic submission
484,Rental and operating of own or leased real estate,68201 (EMTAK 2008),68.2,Annual report
486,Passenger air transport,51101 (EMTAK 2008),51.1,Annual report
487,"Activities of saunas, sunbeds and massage salons and other services related to physical well-being",96041 (EMTAK 2008),96.04,Annual report
488,Sports and recreation education,8551 (EMTAK 2008),85.51,Annual report
490,Other manufacturing n.e.c.,32991 (EMTAK 2008),32.99,Annual report
492,Business and other management consultancy activities,70221 (EMTAK 2008),70.22,Annual report
495,Wholesale of medical appliances and surgical and orthopaedic instruments and devices,46462 (EMTAK 2008),46.46,Annual report
496,Associations and foundations for the purpose of regional/local life development and support,94992 (EMTAK 2008),94.99,Annual report
497,Activities of amusement parks and theme parks,93211 (EMTAK 2008),93.21,Annual report
498,Other education not classified elsewhere,85599 (EMTAK 2008),85.59,Annual report
499,Educational support activities,85601 (EMTAK 2008),85.6,Electronic submission
501,"Motion picture, video and television programme production activities",5911 (EMTAK 2008),59.11,Electronic submission
502,Hairdressing and other beauty treatment,96021 (EMTAK 2008),96.02,Annual report
503,Non-specialised wholesale trade,46901 (EMTAK 2008),46.9,Annual report
504,Artistic creation,90031 (EMTAK 2008),90.03,Annual report
506,Wholesale trade of motor vehicle parts and accessories,45311 (EMTAK 2008),45.31,Electronic submission
515,Business and other management consultancy activities,70221 (EMTAK 2008),70.22,Annual report
518,Other personal service activities n.e.c.,9609 (EMTAK 2008),96.09,Annual report
521,"Production and presentation of live concerts, musical creation and other similar activities",90012 (EMTAK 2008),90.01,Electronic submission
522,Activities of sports clubs,93121 (EMTAK 2008),93.12,Annual report
526,Production of electricity,3511 (EMTAK 2008),35.11,Electronic submission
527,Logging,0220 (EMTAK 2008),2.2,Annual report
528,Other construction installation,4329 (EMTAK 2008),43.29,Annual report
529,Business and other management consultancy activities,70221 (EMTAK 2008),70.22,Annual report
530,Veterinary activities,75001 (EMTAK 2008),75.0,Annual report
532,"Motion picture, video and television programme production activities",5911 (EMTAK 2008),59.11,Annual report
533,Support activities for crop production,01611 (EMTAK 2008),1.61,Annual report
535,Other passenger land transport n.e.c.,4939 (EMTAK 2008),49.39,Electronic submission
536,"Growing of cereals (except rice), leguminous crops and oil seeds",01111 (EMTAK 2008),1.11,Electronic submission
538,"Production and presentation of live concerts, musical creation and other similar activities",90012 (EMTAK 2008),90.01,Electronic submission
541,Retail sale via mail order houses or via Internet,47911 (EMTAK 2008),47.91,Annual report
543,Other cleaning activities of buildings and industrial cleaning,81221 (EMTAK 2008),81.22,Annual report
544,"Other professional, scientific and technical activities n.e.c.",74901 (EMTAK 2008),74.9,Electronic submission
547,Business and other management consultancy activities,70221 (EMTAK 2008),70.22,Electronic submission
549,Other amusement and recreation activities,9329 (EMTAK 2008),93.29,Electronic submission
550,Photographic activities,74201 (EMTAK 2008),74.2,Electronic submission
553,"Other retail sale not in stores, stalls or markets",47991 (EMTAK 2008),47.99,Electronic submission
555,Mixed farming,01501 (EMTAK 2008),1.5,Electronic submission
559,Computer programming activities,62011 (EMTAK 2008),62.01,Annual report
568,Other specialised construction activities n.e.c.,4399 (EMTAK 2008),43.99,Electronic submission
572,"Production and presentation of live concerts, musical creation and other similar activities",90012 (EMTAK 2008),90.01,Annual report
573,Mixed farming,01501 (EMTAK 2008),1.5,The undertaking notified himself/herself
575,Taxi operation,49321 (EMTAK 2008),49.32,Electronic submission
576,"Installation of heating, ventilation and air conditioning equipment",43221 (EMTAK 2008),43.22,Annual report
577,Non-specialised wholesale trade,46901 (EMTAK 2008),46.9,Annual report
579,Construction of residential and non-residential buildings,41201 (EMTAK 2008),41.2,Electronic submission
580,Retail sale via mail order houses or via Internet,47911 (EMTAK 2008),47.91,Electronic submission
582,"Activities of saunas, sunbeds and massage salons and other services related to physical well-being",96041 (EMTAK 2008),96.04,Annual report
583,Car washing and other services,45202 (EMTAK 2008),45.2,Annual report
584,Retail sale via mail order houses or via Internet,47911 (EMTAK 2008),47.91,Annual report
588,Retail sale via mail order houses or via Internet,47911 (EMTAK 2008),47.91,Annual report
589,Wholesale of equipment used in food industry and commercial activities,46693 (EMTAK 2008),46.69,Annual report
591,Other amusement and recreation activities,9329 (EMTAK 2008),93.29,Annual report
593,"Bookkeeping, tax consulting",69202 (EMTAK 2008),69.2,Annual report
594,Activities of insurance agents and brokers,66221 (EMTAK 2008),66.22,Annual report
595,Wholesale of sanitary equipment and other construction materials,46732 (EMTAK 2008),46.73,Annual report
596,"Wholesale of wood, construction materials and sanitary equipment",4673 (EMTAK 2008),46.73,Annual report
597,Rental and operating of own or leased real estate,68201 (EMTAK 2008),68.2,Electronic submission
598,Other business support service activities n.e.c.,82991 (EMTAK 2008),82.99,Annual report
601,"Other activities auxiliary to financial services, except insurance and pension funding",6619 (EMTAK 2008),66.19,Annual report
602,Construction of residential and non-residential buildings,41201 (EMTAK 2008),41.2,Annual report
603,Installation of plumbing and sanitary equipment,43222 (EMTAK 2008),43.22,Annual report
604,Pet care services,96091 (EMTAK 2008),96.09,Annual report
605,Other business support service activities n.e.c.,82991 (EMTAK 2008),82.99,Electronic submission
606,Real estate agencies,68311 (EMTAK 2008),68.31,Annual report
607,Removal services,49421 (EMTAK 2008),49.42,Annual report
609,Other education not classified elsewhere,85599 (EMTAK 2008),85.59,Annual report
610,General cleaning of buildings,81211 (EMTAK 2008),81.21,Electronic submission
612,Combined facilities support activities,81101 (EMTAK 2008),81.1,Annual report
614,Other information technology and computer service activities,62091 (EMTAK 2008),62.09,Annual report
615,Manufacture of other metal structures and parts of structures,25119 (EMTAK 2008),25.11,Annual report
616,Activities of amusement parks and theme parks,93211 (EMTAK 2008),93.21,Annual report
620,Freight transport by road,49411 (EMTAK 2008),49.41,Annual report
621,"Associations and social clubs related to recreational activities, entertainment, cultural activities or hobbies",94995 (EMTAK 2008),94.99,Electronic submission
623,Construction of other civil engineering projects n.e.c.,42991 (EMTAK 2008),42.99,Annual report
624,Raising of horses and other equines,01431 (EMTAK 2008),1.43,Annual report
625,"Activities of saunas, sunbeds and massage salons and other services related to physical well-being",96041 (EMTAK 2008),96.04,Electronic submission
629,Other personal service activities n.e.c.,9609 (EMTAK 2008),96.09,Annual report
630,Other personal service activities n.e.c.,9609 (EMTAK 2008),96.09,Electronic submission
632,Activities of sports clubs,93121 (EMTAK 2008),93.12,Annual report
633,Hotels,55101 (EMTAK 2008),55.1,Annual report
635,Rental and operating of own or leased real estate,68201 (EMTAK 2008),68.2,Annual report
639,Language training,85591 (EMTAK 2008),85.59,Electronic submission
641,"Bookkeeping, tax consulting",69202 (EMTAK 2008),69.2,Annual report
642,Real estate agencies,68311 (EMTAK 2008),68.31,Annual report
643,"Activities of saunas, sunbeds and massage salons and other services related to physical well-being",96041 (EMTAK 2008),96.04,Electronic submission
644,Computer programming activities,62011 (EMTAK 2008),62.01,Annual report
645,Other information technology and computer service activities,62091 (EMTAK 2008),62.09,Electronic submission
646,Artistic creation,90031 (EMTAK 2008),90.03,Electronic submission
647,Advertising agencies,73111 (EMTAK 2008),73.11,Annual report
649,Rental and operating of own or leased real estate,68201 (EMTAK 2008),68.2,Electronic submission
650,Computer consultancy activities,62021 (EMTAK 2008),62.02,Annual report
651,Construction of residential and non-residential buildings,41201 (EMTAK 2008),41.2,Electronic submission
652,Other research and experimental development on natural sciences and engineering,72191 (EMTAK 2008),72.19,Annual report
653,"Bookkeeping, tax consulting",69202 (EMTAK 2008),69.2,Electronic submission
654,"Other professional, scientific and technical activities n.e.c.",74901 (EMTAK 2008),74.9,Annual report
655,Rental and operating of own or leased real estate,68201 (EMTAK 2008),68.2,Electronic submission
656,Manufacture of office and shop furniture,31011 (EMTAK 2008),31.01,Electronic submission
658,Wholesale of perfume and cosmetics,46451 (EMTAK 2008),46.45,Annual report
660,Real estate agencies,68311 (EMTAK 2008),68.31,Annual report
661,General cleaning of buildings,81211 (EMTAK 2008),81.21,Annual report
662,Other information technology and computer service activities,62091 (EMTAK 2008),62.09,Annual report
663,Buying and selling of own real estate,68101 (EMTAK 2008),68.1,Electronic submission
664,Agents involved in the sale of a variety of goods,46191 (EMTAK 2008),46.19,Annual report
666,Construction of residential and non-residential buildings,41201 (EMTAK 2008),41.2,Annual report
668,Computer programming activities,62011 (EMTAK 2008),62.01,Electronic submission
669,Satellite communication services,61301 (EMTAK 2008),61.3,Electronic submission
670,"Activities of saunas, sunbeds and massage salons and other services related to physical well-being",96041 (EMTAK 2008),96.04,Electronic submission
671,"Restaurants, cafeterias and other catering places",56101 (EMTAK 2008),56.1,Annual report
672,Business and other management consultancy activities,70221 (EMTAK 2008),70.22,Annual report
673,Construction of residential and non-residential buildings,41201 (EMTAK 2008),41.2,Annual report
674,Constructional engineering-technical designing and consulting,71121 (EMTAK 2008),71.12,Annual report
676,Computer programming activities,62011 (EMTAK 2008),62.01,Electronic submission
678,Bed-and-breakfast,55205 (EMTAK 2008),55.2,Annual report
679,Hairdressing and other beauty treatment,96021 (EMTAK 2008),96.02,Electronic submission
680,Business and other management consultancy activities,70221 (EMTAK 2008),70.22,Electronic submission
681,Other personal service activities n.e.c.,9609 (EMTAK 2008),96.09,Electronic submission
682,Computer programming activities,62011 (EMTAK 2008),62.01,Electronic submission
683,Marine fishing,03111 (EMTAK 2008),3.11,Field of activity code data encoding by RIK
684,Other information technology and computer service activities,62091 (EMTAK 2008),62.09,Electronic submission
686,Music and art education,85521 (EMTAK 2008),85.52,Electronic submission
687,Production of television programmes,59112 (EMTAK 2008),59.11,Annual report
689,Business and other management consultancy activities,70221 (EMTAK 2008),70.22,Electronic submission
690,Other business support service activities n.e.c.,82991 (EMTAK 2008),82.99,Electronic submission
691,"Activities of saunas, sunbeds and massage salons and other services related to physical well-being",96041 (EMTAK 2008),96.04,Annual report
692,Media representation,73121 (EMTAK 2008),73.12,Annual report
694,Specialised design activities,74101 (EMTAK 2008),74.1,Annual report
695,Provision of specialised medical treatment,86221 (EMTAK 2008),86.22,Annual report
697,Artistic creation,90031 (EMTAK 2008),90.03,Electronic submission
700,Support services to forestry,02401 (EMTAK 2008),2.4,Electronic submission
702,"Agents involved in the sale of food, beverages and tobacco",46171 (EMTAK 2008),46.17,Annual report
703,"Restaurants, cafeterias and other catering places",56101 (EMTAK 2008),56.1,Electronic submission
704,Business and other management consultancy activities,70221 (EMTAK 2008),70.22,Electronic submission
705,Activities of holding companies,64201 (EMTAK 2008),64.2,Electronic submission
706,Computer programming activities,62011 (EMTAK 2008),62.01,Annual report
707,Other retail sale in non-specialised stores,47191 (EMTAK 2008),47.19,Annual report
708,Computer programming activities,62011 (EMTAK 2008),62.01,Electronic submission
709,Business and other management consultancy activities,70221 (EMTAK 2008),70.22,Annual report
710,Other business support service activities n.e.c.,82991 (EMTAK 2008),82.99,Electronic submission
711,Hairdressing and other beauty treatment,96021 (EMTAK 2008),96.02,Annual report
713,Other business support service activities n.e.c.,82991 (EMTAK 2008),82.99,Electronic submission
714,Other manufacturing n.e.c.,32991 (EMTAK 2008),32.99,Annual report
715,Architectural activities,71111 (EMTAK 2008),71.11,Annual report
716,Retail sale via mail order houses or via Internet,47911 (EMTAK 2008),47.91,Annual report
717,"Growing of vegetables (including gourds), roots and tubers, including mushrooms",01131 (EMTAK 2008),1.13,Annual report
718,"Growing of vegetables (including gourds), roots and tubers, including mushrooms",01131 (EMTAK 2008),1.13,Annual report
719,Development of building projects,41101 (EMTAK 2008),41.1,Electronic submission
720,Other service activities,96099 (EMTAK 2008),96.09,Annual report
722,Computer programming activities,62011 (EMTAK 2008),62.01,Electronic submission
723,"Other financial service activities, except insurance and pension funding n.e.c.",6499 (EMTAK 2008),64.99,Annual report
724,Construction of residential and non-residential buildings,41201 (EMTAK 2008),41.2,Annual report
725,Buying and selling of own real estate,68101 (EMTAK 2008),68.1,Electronic submission
726,Non-specialised wholesale trade,46901 (EMTAK 2008),46.9,Annual report
727,Car washing and other services,45202 (EMTAK 2008),45.2,Annual report
728,"Other retail sale not in stores, stalls or markets",47991 (EMTAK 2008),47.99,Electronic submission
731,Performing arts,9001 (EMTAK 2008),90.01,Annual report
732,Buying and selling of own real estate,68101 (EMTAK 2008),68.1,Electronic submission
733,Other amusement and recreation activities not classified elsewhere,93299 (EMTAK 2008),93.29,Annual report
735,"Other retail sale not in stores, stalls or markets",47991 (EMTAK 2008),47.99,Annual report
736,Buying and selling of own real estate,68101 (EMTAK 2008),68.1,Electronic submission
737,Activities of other business and employers organisations,94119 (EMTAK 2008),94.11,Annual report
738,Buying and selling of own real estate,68101 (EMTAK 2008),68.1,Annual report
742,"Other professional, scientific and technical activities n.e.c.",74901 (EMTAK 2008),74.9,Annual report
743,Computer programming activities,62011 (EMTAK 2008),62.01,Annual report
744,Hotels,55101 (EMTAK 2008),55.1,Electronic submission
746,Hairdressing and other beauty treatment,96021 (EMTAK 2008),96.02,Electronic submission
747,Other business support service activities n.e.c.,82991 (EMTAK 2008),82.99,Annual report
748,Removal services,4942 (EMTAK 2008),49.42,Annual report
749,Computer programming activities,62011 (EMTAK 2008),62.01,Annual report
751,Computer programming activities,62011 (EMTAK 2008),62.01,Electronic submission
753,Web portals,63121 (EMTAK 2008),63.12,Electronic submission
756,Forwarding agencies services,52291 (EMTAK 2008),52.29,Annual report
757,Support activities to performing arts,90021 (EMTAK 2008),90.02,Annual report
758,Hairdressing and other beauty treatment,96021 (EMTAK 2008),96.02,Annual report
759,"Renting and operational leasing of other machinery, equipment and tangible assets not classified elsewhere",77399 (EMTAK 2008),77.39,Electronic submission
760,"Other retail sale not in stores, stalls or markets",47991 (EMTAK 2008),47.99,Electronic submission
761,Retail sale via mail order houses or via Internet,47911 (EMTAK 2008),47.91,Electronic submission
763,Activities of sports clubs,93121 (EMTAK 2008),93.12,Annual report
765,Combined facilities support activities,81101 (EMTAK 2008),81.1,Annual report
766,Other software publishing,58291 (EMTAK 2008),58.29,Electronic submission
767,"Other retail sale not in stores, stalls or markets",4799 (EMTAK 2008),47.99,Annual report
768,Hotels,55101 (EMTAK 2008),55.1,Annual report
770,Other manufacturing n.e.c.,32991 (EMTAK 2008),32.99,Electronic submission
771,Non-specialised wholesale trade,46901 (EMTAK 2008),46.9,Annual report
772,Other information technology and computer service activities,62091 (EMTAK 2008),62.09,Electronic submission
773,Hairdressing and other beauty treatment,96021 (EMTAK 2008),96.02,Annual report
774,"Other financial service activities, except insurance and pension funding n.e.c.",64991 (EMTAK 2008),64.99,Electronic submission
779,Rental and operating of own or leased real estate,68201 (EMTAK 2008),68.2,Annual report
780,Buying and selling of own real estate,68101 (EMTAK 2008),68.1,Electronic submission
782,Other amusement and recreation activities not classified elsewhere,93299 (EMTAK 2008),93.29,Annual report
783,Specialised design activities,74101 (EMTAK 2008),74.1,Electronic submission
784,Computer programming activities,62011 (EMTAK 2008),62.01,Electronic submission
786,Construction of residential and non-residential buildings,41201 (EMTAK 2008),41.2,Annual report
787,Other specialised construction activities,43999 (EMTAK 2008),43.99,Annual report
788,Other research and experimental development on natural sciences and engineering,72191 (EMTAK 2008),72.19,Annual report
790,Travel agency activities,79111 (EMTAK 2008),79.11,Electronic submission
791,Other business support service activities n.e.c.,82991 (EMTAK 2008),82.99,Electronic submission
793,Youth and children associations and associations that promote the welfare of youth and children,94993 (EMTAK 2008),94.99,Electronic submission
794,Other personal service activities n.e.c.,9609 (EMTAK 2008),96.09,Electronic submission
796,Repair of machinery,33121 (EMTAK 2008),33.12,Annual report
797,Other information technology and computer service activities,62091 (EMTAK 2008),62.09,Electronic submission
798,Business and other management consultancy activities,70221 (EMTAK 2008),70.22,Annual report
799,Wholesale of other intermediate products,46761 (EMTAK 2008),46.76,Annual report
800,Freight transport by road,4941 (EMTAK 2008),49.41,Annual report
801,Maintenance and repair of motor vehicles,45201 (EMTAK 2008),45.2,Annual report
802,Web portals,63121 (EMTAK 2008),63.12,Annual report
804,Floor and wall covering,43331 (EMTAK 2008),43.33,Annual report
805,Computer programming activities,62011 (EMTAK 2008),62.01,Annual report
806,"Activities of saunas, sunbeds and massage salons and other services related to physical well-being",96041 (EMTAK 2008),96.04,Annual report
807,"Retail sale of computers, peripheral units and software in specialised stores",47411 (EMTAK 2008),47.41,Electronic submission
808,Hairdressing and other beauty treatment,96021 (EMTAK 2008),96.02,Annual report
809,"Other retail sale not in stores, stalls or markets",4799 (EMTAK 2008),47.99,Annual report
810,Construction of residential and non-residential buildings,41201 (EMTAK 2008),41.2,Annual report
814,Other cleaning activities of buildings and industrial cleaning,81221 (EMTAK 2008),81.22,Electronic submission
815,"Wholesale of other general-purpose and special-purpose machinery, apparatus and equipment",46699 (EMTAK 2008),46.69,Electronic submission
816,Repair of furniture and home furnishings,95241 (EMTAK 2008),95.24,Statistics Estonia
818,"Ethnic minorities organisations and cultural societies, associations for the purpose of integrityand friendship between nations",94994 (EMTAK 2008),94.99,Annual report
819,Car washing and other services,45202 (EMTAK 2008),45.2,Annual report
821,Hotels,55101 (EMTAK 2008),55.1,Electronic submission
822,"Activities of churches, congregations and monasteries",94911 (EMTAK 2008),94.91,Annual report
823,Manufacture of beer,11051 (EMTAK 2008),11.05,Statistics Estonia
824,"Other credit granting, except pawn shops",64929 (EMTAK 2008),64.92,Annual report
825,Protection and custody of civil rights; special group protection activities,94991 (EMTAK 2008),94.99,Electronic submission
827,"Activities of saunas, sunbeds and massage salons and other services related to physical well-being",96041 (EMTAK 2008),96.04,Annual report
829,Retail sale via mail order houses or via Internet,47911 (EMTAK 2008),47.91,Annual report
830,Manufacture of other transport equipment n.e.c.,30991 (EMTAK 2008),30.99,Annual report
832,Construction of residential and non-residential buildings,41201 (EMTAK 2008),41.2,Annual report
838,Buying and selling of own real estate,68101 (EMTAK 2008),68.1,Annual report
839,Taxi operation,49321 (EMTAK 2008),49.32,Electronic submission
841,Rental and operating of own or leased real estate,68201 (EMTAK 2008),68.2,Electronic submission
842,Real estate agencies,68311 (EMTAK 2008),68.31,Annual report
843,Other service activities,96099 (EMTAK 2008),96.09,Electronic submission
844,Other personal service activities n.e.c.,9609 (EMTAK 2008),96.09,Annual report
845,Travel agency activities,79111 (EMTAK 2008),79.11,Annual report
846,Logging,02201 (EMTAK 2008),2.2,Field of activity code data encoding by RIK
847,Rental and operating of own or leased real estate,68201 (EMTAK 2008),68.2,Electronic submission
849,Retail sale of furniture and articles for lighting,47591 (EMTAK 2008),47.59,Electronic submission
850,Other business support service activities n.e.c.,82991 (EMTAK 2008),82.99,Electronic submission
851,Wholesale of equipment used in food industry and commercial activities,46693 (EMTAK 2008),46.69,Annual report
853,"Bookkeeping, tax consulting",69202 (EMTAK 2008),69.2,Annual report
854,Other passenger land transport,49399 (EMTAK 2008),49.39,Electronic submission
857,Translation and interpretation activities,74301 (EMTAK 2008),74.3,Annual report
858,Other information service activities n.e.c.,63991 (EMTAK 2008),63.99,Electronic submission
860,Media representation,73121 (EMTAK 2008),73.12,Annual report
866,Business and other management consultancy activities,70221 (EMTAK 2008),70.22,Annual report
867,"Activities of churches, congregations and monasteries",94911 (EMTAK 2008),94.91,Annual report
868,Hairdressing and other beauty treatment,9602 (EMTAK 2008),96.02,Annual report
869,Car washing and other services,45202 (EMTAK 2008),45.2,Annual report
871,Construction of residential and non-residential buildings,41201 (EMTAK 2008),41.2,Annual report
873,Other building completion and finishing,43391 (EMTAK 2008),43.39,Annual report
874,Retail sale of cosmetic and toilet articles in specialised stores,47751 (EMTAK 2008),47.75,Electronic submission
875,Construction of residential and non-residential buildings,41201 (EMTAK 2008),41.2,Annual report
876,"Activities of saunas, sunbeds and massage salons and other services related to physical well-being",96041 (EMTAK 2008),96.04,Electronic submission
877,Forwarding agencies services,52291 (EMTAK 2008),52.29,Electronic submission
878,Other healthcare activities not classified elsewhere,86909 (EMTAK 2008),86.9,Electronic submission
879,Other healthcare activities not classified elsewhere,86909 (EMTAK 2008),86.9,Annual report
880,Hotels,55101 (EMTAK 2008),55.1,Annual report
882,Other personal service activities n.e.c.,9609 (EMTAK 2008),96.09,Annual report
884,"Bookkeeping, tax consulting",69202 (EMTAK 2008),69.2,Annual report
885,Other information technology and computer service activities,62091 (EMTAK 2008),62.09,Annual report
886,Business and other management consultancy activities,70221 (EMTAK 2008),70.22,Annual report
889,Retail sale of cosmetic and toilet articles in specialised stores,47751 (EMTAK 2008),47.75,Annual report
891,Other social work activities without accommodation n.e.c.,88991 (EMTAK 2008),88.99,Annual report
892,Credit institutions (banks),64191 (EMTAK 2008),64.19,Annual report
893,Fund management activities,66301 (EMTAK 2008),66.3,Annual report
895,Other amusement and recreation activities not classified elsewhere,93299 (EMTAK 2008),93.29,Annual report
897,Other amusement and recreation activities,9329 (EMTAK 2008),93.29,Electronic submission
899,Silviculture and other forestry activities,02101 (EMTAK 2008),2.1,The undertaking notified himself/herself
902,Other sports and recreational education,85519 (EMTAK 2008),85.51,Annual report
903,Hairdressing and other beauty treatment,96021 (EMTAK 2008),96.02,Annual report
904,Associations and foundations for the purpose of regional/local life development and support,94992 (EMTAK 2008),94.99,Annual report
905,Sale of cars and light motor vehicles,45111 (EMTAK 2008),45.11,Electronic submission
906,Business and other management consultancy activities,70221 (EMTAK 2008),70.22,Electronic submission
909,Rental and operating of own or leased real estate,68201 (EMTAK 2008),68.2,Electronic submission
910,"Management of buildings and rental houses (apartment associations, housing associations, building associations etc)",68321 (EMTAK 2008),68.32,Annual report
911,Other education not classified elsewhere,85599 (EMTAK 2008),85.59,Annual report
914,Car washing and other services,45202 (EMTAK 2008),45.2,Annual report
915,Manufacture of optical instruments and photographic equipment \xc2\xa0,26701 (EMTAK 2008),26.7,Electronic submission
916,Motion picture and video production,59111 (EMTAK 2008),59.11,Annual report
917,Telecommunication services in fixed communications network,61101 (EMTAK 2008),61.1,Electronic submission
918,Financial consulting,66191 (EMTAK 2008),66.19,Annual report
919,Holiday village and camp,55203 (EMTAK 2008),55.2,Annual report
920,Buying and selling of own real estate,68101 (EMTAK 2008),68.1,Annual report
921,Computer consultancy activities,62021 (EMTAK 2008),62.02,Annual report
922,Computer programming activities,62011 (EMTAK 2008),62.01,Electronic submission
923,Business and other management consultancy activities,70221 (EMTAK 2008),70.22,Annual report
925,Engineering activities and related technical consultancy,7112 (EMTAK 2008),71.12,Annual report
926,Insulation work activities,43291 (EMTAK 2008),43.29,Annual report
928,Artistic creation,90031 (EMTAK 2008),90.03,Electronic submission
930,"Other professional, scientific and technical activities n.e.c.",74901 (EMTAK 2008),74.9,Electronic submission
931,"Production and presentation of live concerts, musical creation and other similar activities",90012 (EMTAK 2008),90.01,Annual report
932,Retail sale via mail order houses or via Internet,47911 (EMTAK 2008),47.91,Electronic submission
933,Constructional engineering-technical designing and consulting,71121 (EMTAK 2008),71.12,Annual report
934,Non-specialised wholesale trade,46901 (EMTAK 2008),46.9,Electronic submission
935,"Retail sale via stalls and markets of food, beverages and tobacco products",47811 (EMTAK 2008),47.81,Annual report
936,"Activities of saunas, sunbeds and massage salons and other services related to physical well-being",96041 (EMTAK 2008),96.04,Annual report
938,Hairdressing and other beauty treatment,96021 (EMTAK 2008),96.02,Electronic submission
939,"Activities of saunas, sunbeds and massage salons and other services related to physical well-being",96041 (EMTAK 2008),96.04,Electronic submission
940,Retail sale via mail order houses or via Internet,47911 (EMTAK 2008),47.91,Electronic submission
941,"Wholesale of furniture, carpets and lighting equipment",46471 (EMTAK 2008),46.47,Electronic submission
942,Rental and operating of own or leased real estate,68201 (EMTAK 2008),68.2,Annual report
943,"Production and presentation of live concerts, musical creation and other similar activities",90012 (EMTAK 2008),90.01,Annual report
944,Other software publishing,58291 (EMTAK 2008),58.29,Annual report
947,Computer programming activities,62011 (EMTAK 2008),62.01,Annual report
948,Computer programming activities,62011 (EMTAK 2008),62.01,Electronic submission
949,"Other financial service activities, except insurance and pension funding n.e.c.",64991 (EMTAK 2008),64.99,Electronic submission
950,Computer programming activities,62011 (EMTAK 2008),62.01,Electronic submission
951,Renting of rail vehicles,77391 (EMTAK 2008),77.39,Annual report
952,Other retail sale in non-specialised stores,47191 (EMTAK 2008),47.19,Annual report
953,Business and other management consultancy activities,70221 (EMTAK 2008),70.22,Electronic submission
954,Renting of rail vehicles,77391 (EMTAK 2008),77.39,Annual report
955,Activities of holding companies,64201 (EMTAK 2008),64.2,Electronic submission
956,Other research and experimental development on natural sciences and engineering,72191 (EMTAK 2008),72.19,Electronic submission
957,Computer programming activities,62011 (EMTAK 2008),62.01,Annual report
958,Buying and selling of own real estate,68101 (EMTAK 2008),68.1,Annual report
959,Gambling and betting activities,92001 (EMTAK 2008),92.0,Electronic submission
960,"Water collection, treatment and supply",36001 (EMTAK 2008),36.0,Annual report
961,Other business support service activities n.e.c.,82991 (EMTAK 2008),82.99,Electronic submission
962,Retail sale of games and toys in specialised stores,47651 (EMTAK 2008),47.65,Annual report
963,Artistic creation,90031 (EMTAK 2008),90.03,Electronic submission
964,"Trusts, funds and similar financial entities",64301 (EMTAK 2008),64.3,Electronic submission
965,Fund management activities,66301 (EMTAK 2008),66.3,Electronic submission
966,Retail sale via mail order houses or via Internet,47911 (EMTAK 2008),47.91,Annual report
968,Computer programming activities,62011 (EMTAK 2008),62.01,Electronic submission
970,Computer programming activities,62011 (EMTAK 2008),62.01,Annual report
971,Business and other management consultancy activities,70221 (EMTAK 2008),70.22,Annual report
973,Rental and operating of own or leased real estate,68201 (EMTAK 2008),68.2,Annual report
974,Other information technology and computer service activities,62091 (EMTAK 2008),62.09,Annual report
975,Web portals,63121 (EMTAK 2008),63.12,Annual report
976,"Data processing, hosting and related activities",63111 (EMTAK 2008),63.11,Electronic submission
977,Market research and public opinion polling,73201 (EMTAK 2008),73.2,Electronic submission
978,Specialised design activities,74101 (EMTAK 2008),74.1,Annual report
979,Business and other management consultancy activities,70221 (EMTAK 2008),70.22,Annual report
980,Retail sale via stalls and markets of other goods,47891 (EMTAK 2008),47.89,Annual report
981,"Data processing, hosting and related activities",63111 (EMTAK 2008),63.11,Annual report
982,Visitor flats,55204 (EMTAK 2008),55.2,Annual report
983,Advertising agencies,73111 (EMTAK 2008),73.11,Electronic submission
984,Forwarding agencies services,52291 (EMTAK 2008),52.29,Annual report
986,"Other professional, scientific and technical activities n.e.c.",74901 (EMTAK 2008),74.9,Annual report
987,Activities of holding companies,64201 (EMTAK 2008),64.2,Recoding
988,Tour operator activities,79121 (EMTAK 2008),79.12,Annual report
990,Activities of holding companies,64201 (EMTAK 2008),64.2,Electronic submission
991,Artistic creation,90031 (EMTAK 2008),90.03,Electronic submission
992,Other electronical communications services,61901 (EMTAK 2008),61.9,Electronic submission
993,Organisation of conventions and trade shows,82301 (EMTAK 2008),82.3,Annual report
994,Other building completion and finishing,43391 (EMTAK 2008),43.39,Annual report
995,Agents specialised in the sale of other particular products,46181 (EMTAK 2008),46.18,Annual report
996,Wholesale of electronic and telecommunications equipment and parts,46521 (EMTAK 2008),46.52,Electronic submission
997,Wholesale of medical appliances and surgical and orthopaedic instruments and devices,46462 (EMTAK 2008),46.46,Annual report
1000,Computer programming activities,62011 (EMTAK 2008),62.01,Annual report
1001,Computer programming activities,62011 (EMTAK 2008),62.01,Electronic submission
1002,Book publishing,58111 (EMTAK 2008),58.11,Annual report
1004,Other software publishing,58291 (EMTAK 2008),58.29,Electronic submission
1005,Business and other management consultancy activities,70221 (EMTAK 2008),70.22,Annual report
1006,Computer programming activities,62011 (EMTAK 2008),62.01,Electronic submission
1008,Development of building projects,41101 (EMTAK 2008),41.1,Annual report
1009,Other electronical communications services,61901 (EMTAK 2008),61.9,Annual report
1011,Computer programming activities,62011 (EMTAK 2008),62.01,Annual report
1012,Computer programming activities,62011 (EMTAK 2008),62.01,Annual report
1014,Other activities auxiliary to financial services that are not classified elsewhere,66199 (EMTAK 2008),66.19,Electronic submission
1015,Manufacture of other wearing apparel and accessories,14199 (EMTAK 2008),14.19,Annual report
1016,Computer facilities management activities,62031 (EMTAK 2008),62.03,Electronic submission
1017,Business and other management consultancy activities,70221 (EMTAK 2008),70.22,Electronic submission
1020,Car washing and other services,45202 (EMTAK 2008),45.2,Annual report
1021,Other engineering-technical activities,71129 (EMTAK 2008),71.12,Annual report
1022,Business and other management consultancy activities,70221 (EMTAK 2008),70.22,Electronic submission
1024,Computer programming activities,62011 (EMTAK 2008),62.01,Electronic submission
1025,Rental and operating of own or leased real estate,68201 (EMTAK 2008),68.2,Annual report
1026,Computer programming activities,62011 (EMTAK 2008),62.01,Annual report
1028,"Water collection, treatment and supply",36001 (EMTAK 2008),36.0,Annual report
1029,Construction of residential and non-residential buildings,41201 (EMTAK 2008),41.2,Annual report
1031,Wholesale of equipment used in food industry and commercial activities,46693 (EMTAK 2008),46.69,Electronic submission
1032,Other real estate management or related activities,68329 (EMTAK 2008),68.32,Annual report
1033,Rental and operating of own or leased real estate,68201 (EMTAK 2008),68.2,Electronic submission
1034,Other healthcare activities not classified elsewhere,86909 (EMTAK 2008),86.9,Annual report
1035,"Water collection, treatment and supply",36001 (EMTAK 2008),36.0,Electronic submission
1036,"Activities of saunas, sunbeds and massage salons and other services related to physical well-being",96041 (EMTAK 2008),96.04,Electronic submission
1037,Landscape service activities,81301 (EMTAK 2008),81.3,Annual report
1038,"Other professional, scientific and technical activities n.e.c.",74901 (EMTAK 2008),74.9,Annual report
1039,Construction of residential and non-residential buildings,41201 (EMTAK 2008),41.2,Electronic submission
1042,Retail sale via mail order houses or via Internet,47911 (EMTAK 2008),47.91,Annual report
1043,Other software publishing,58291 (EMTAK 2008),58.29,Electronic submission
1044,Advertising agencies,73111 (EMTAK 2008),73.11,Annual report
1045,Computer programming activities,62011 (EMTAK 2008),62.01,Annual report
1049,Construction of residential and non-residential buildings,41201 (EMTAK 2008),41.2,Annual report
1050,Other personal service activities n.e.c.,9609 (EMTAK 2008),96.09,Annual report
1051,Management of real estate on a fee or contract basis,6832 (EMTAK 2008),68.32,Annual report
1052,Wholesale of perfume and cosmetics,46451 (EMTAK 2008),46.45,Electronic submission
1053,Other building completion and finishing,43391 (EMTAK 2008),43.39,Annual report
1054,Repair of consumer electronics,95211 (EMTAK 2008),95.21,Electronic submission
1056,Maintenance and repair of motor vehicles,4520 (EMTAK 2008),45.2,Electronic submission
1058,Pet care services,96091 (EMTAK 2008),96.09,Electronic submission
1059,Construction of residential and non-residential buildings,41201 (EMTAK 2008),41.2,Annual report
1060,Other building completion and finishing,43391 (EMTAK 2008),43.39,Annual report
1061,Other building completion and finishing,43391 (EMTAK 2008),43.39,Annual report
1062,Other engineering-technical activities,71129 (EMTAK 2008),71.12,Annual report
1063,Rental and operating of own or leased real estate,68201 (EMTAK 2008),68.2,Annual report
1064,Computer programming activities,62011 (EMTAK 2008),62.01,Electronic submission
1066,Activity of institutions providing alternative care service,87901 (EMTAK 2008),87.9,Annual report
1067,"Bookkeeping, tax consulting",69202 (EMTAK 2008),69.2,Annual report
1069,Computer consultancy activities,62021 (EMTAK 2008),62.02,Annual report
1070,Growing of other perennial crops,01291 (EMTAK 2008),1.29,Annual report
1074,Support services to forestry,02401 (EMTAK 2008),2.4,Annual report
1077,Temporary employment agency activities,78201 (EMTAK 2008),78.2,Electronic submission
1078,Manufacture of other metal structures and parts of structures,25119 (EMTAK 2008),25.11,Electronic submission
1080,"Other retail sale not in stores, stalls or markets",47991 (EMTAK 2008),47.99,Electronic submission
1081,"Activities of saunas, sunbeds and massage salons and other services related to physical well-being",96041 (EMTAK 2008),96.04,Annual report
1084,Retail sale via mail order houses or via Internet,47911 (EMTAK 2008),47.91,Electronic submission
1085,"Trusts, funds and similar financial entities",64301 (EMTAK 2008),64.3,Annual report
1087,Language training,85591 (EMTAK 2008),85.59,Annual report
1088,Language training,85591 (EMTAK 2008),85.59,Electronic submission
1089,"Production and presentation of live concerts, musical creation and other similar activities",90012 (EMTAK 2008),90.01,Annual report
1090,Manufacture of other metal structures and parts of structures,25119 (EMTAK 2008),25.11,Annual report
1091,Retail sale of clothing in specialised stores,47711 (EMTAK 2008),47.71,Annual report
1095,Buying and selling of own real estate,68101 (EMTAK 2008),68.1,Annual report
1096,Buying and selling of own real estate,68101 (EMTAK 2008),68.1,Statistics Estonia
1098,Freight transport by road,49411 (EMTAK 2008),49.41,Annual report
1100,Manufacture of other metal structures and parts of structures,25119 (EMTAK 2008),25.11,Annual report
1101,Travel agency activities,79111 (EMTAK 2008),79.11,Annual report
1103,Rental and leasing of cars and light motor vehicles,77111 (EMTAK 2008),77.11,Annual report
1104,"Accounting, bookkeeping and auditing activities; tax consultancy",6920 (EMTAK 2008),69.2,Annual report
1105,"Retail sale of computers, peripheral units and software in specialised stores",47411 (EMTAK 2008),47.41,Annual report
1106,Wholesale trade of motor vehicle parts and accessories,45311 (EMTAK 2008),45.31,Electronic submission
1108,Retail trade of motor vehicle parts and accessories,45321 (EMTAK 2008),45.32,Annual report
1109,Buying and selling of own real estate,68101 (EMTAK 2008),68.1,Annual report
1110,Agents involved in the sale of a variety of goods,46191 (EMTAK 2008),46.19,Annual report
1111,Business and other management consultancy activities,70221 (EMTAK 2008),70.22,Electronic submission
1112,Wholesale of wood and products for the first-stage processing of wood,46731 (EMTAK 2008),46.73,Annual report
1113,Sea and coastal freight water transport,50201 (EMTAK 2008),50.2,Annual report
1114,Freight transport by road,49411 (EMTAK 2008),49.41,Annual report
1117,"Restaurants, cafeterias and other catering places",56101 (EMTAK 2008),56.1,Annual report
1118,"Trusts, funds and similar financial entities",64301 (EMTAK 2008),64.3,Electronic submission
1120,Retail sale via mail order houses or via Internet,47911 (EMTAK 2008),47.91,Annual report
1123,Public relations and communication activities,70211 (EMTAK 2008),70.21,Electronic submission
1125,Rental and operating of own or leased real estate,68201 (EMTAK 2008),68.2,Annual report
1127,Activities of holding companies,64201 (EMTAK 2008),64.2,The undertaking notified himself/herself
1128,Other transportation support activities,5229 (EMTAK 2008),52.29,Annual report
1129,Support activities to performing arts,90021 (EMTAK 2008),90.02,Annual report
1130,Business and other management consultancy activities,70221 (EMTAK 2008),70.22,Annual report
1131,Fund management activities,66301 (EMTAK 2008),66.3,Electronic submission
1132,Other information technology and computer service activities,62091 (EMTAK 2008),62.09,Electronic submission
1133,Manufacture of other articles of paper and paperboard,17291 (EMTAK 2008),17.29,Annual report
1134,"Activities of saunas, sunbeds and massage salons and other services related to physical well-being",96041 (EMTAK 2008),96.04,Annual report
1136,Advertising agencies,73111 (EMTAK 2008),73.11,Annual report
1137,Installation of electrical wiring and fittings,43211 (EMTAK 2008),43.21,Electronic submission
1138,Agents involved in the sale of a variety of goods,46191 (EMTAK 2008),46.19,Annual report
1139,Rental and operating of own or leased real estate,68201 (EMTAK 2008),68.2,Annual report
1140,"Trusts, funds and similar financial entities",64301 (EMTAK 2008),64.3,Electronic submission
1141,General cleaning of buildings,81211 (EMTAK 2008),81.21,Annual report
1145,Retail sale of watches and jewellery in specialised stores,47771 (EMTAK 2008),47.77,Electronic submission
1146,Activities of holding companies,64201 (EMTAK 2008),64.2,The undertaking notified himself/herself
1147,"Restaurants, cafeterias and other catering places",56101 (EMTAK 2008),56.1,Electronic submission
1148,Other business support service activities n.e.c.,82991 (EMTAK 2008),82.99,Electronic submission
1149,"Data processing, hosting and related activities",63111 (EMTAK 2008),63.11,Electronic submission
1150,Rental and operating of own or leased real estate,68201 (EMTAK 2008),68.2,Annual report
1151,Computer programming activities,62011 (EMTAK 2008),62.01,Annual report
1152,Other sprts activities not classified elsewhere,93199 (EMTAK 2008),93.19,Annual report
1153,Sale of cars and light motor vehicles,45111 (EMTAK 2008),45.11,Annual report
1154,Computer consultancy activities,62021 (EMTAK 2008),62.02,Annual report
1155,Hairdressing and other beauty treatment,96021 (EMTAK 2008),96.02,Annual report
1156,Other personal service activities n.e.c.,9609 (EMTAK 2008),96.09,Annual report
1157,Pet care services,96091 (EMTAK 2008),96.09,Annual report
1158,"Bookkeeping, tax consulting",69202 (EMTAK 2008),69.2,Annual report
1159,Other amusement and recreation activities not classified elsewhere,93299 (EMTAK 2008),93.29,Annual report
1160,Non-specialised wholesale trade,46901 (EMTAK 2008),46.9,Annual report
1161,"Other professional, scientific and technical activities n.e.c.",74901 (EMTAK 2008),74.9,Annual report
1162,Real estate agencies,68311 (EMTAK 2008),68.31,Electronic submission
1164,Computer programming activities,62011 (EMTAK 2008),62.01,Statistics Estonia
1165,Maintenance and repair of motor vehicles,45201 (EMTAK 2008),45.2,Annual report
1166,Other sprts activities not classified elsewhere,93199 (EMTAK 2008),93.19,Electronic submission
1167,Media representation,73121 (EMTAK 2008),73.12,Annual report
1169,Construction of residential and non-residential buildings,41201 (EMTAK 2008),41.2,Electronic submission
1170,Other education not classified elsewhere,85599 (EMTAK 2008),85.59,Annual report
1172,Other legal activities,69109 (EMTAK 2008),69.1,Annual report
1173,Business and other management consultancy activities,70221 (EMTAK 2008),70.22,Annual report
1174,Rental and operating of own or leased real estate,68201 (EMTAK 2008),68.2,Annual report
1175,Activities of holding companies,64201 (EMTAK 2008),64.2,The undertaking notified himself/herself
1176,Advertising agencies,73111 (EMTAK 2008),73.11,Annual report
1177,Installation of electrical wiring and fittings,43211 (EMTAK 2008),43.21,Annual report
1179,Rental and operating of own or leased real estate,68201 (EMTAK 2008),68.2,Annual report
1180,"Other financial service activities, except insurance and pension funding n.e.c.",64991 (EMTAK 2008),64.99,Annual report
1181,Advertising agencies,73111 (EMTAK 2008),73.11,Annual report
1182,Web portals,63121 (EMTAK 2008),63.12,Annual report
1183,"Wholesale of electrical material and their requisites and electrical machines, inc cables",46692 (EMTAK 2008),46.69,Annual report
1184,Other service activities,96099 (EMTAK 2008),96.09,Annual report
1186,Other business support service activities n.e.c.,82991 (EMTAK 2008),82.99,Statistics Estonia
1187,Support activities for other mining and quarrying,09901 (EMTAK 2008),9.9,Annual report
1188,"Other retail sale not in stores, stalls or markets",47991 (EMTAK 2008),47.99,Annual report
1190,"Publishing of textbooks, dictionaries and other encyclopaedias",58112 (EMTAK 2008),58.11,Annual report
1191,Forwarding agencies services,52291 (EMTAK 2008),52.29,Field of activity code data encoding by RIK
1192,Retail sale via mail order houses or via Internet,47911 (EMTAK 2008),47.91,Electronic submission
1193,Temporary employment agency activities,78201 (EMTAK 2008),78.2,Electronic submission
1195,Other construction installation,4329 (EMTAK 2008),43.29,Electronic submission
1197,Computer programming activities,62011 (EMTAK 2008),62.01,Electronic submission
1198,Non-specialised wholesale trade,46901 (EMTAK 2008),46.9,Field of activity code data encoding by RIK
1200,Manufacture of prepared meals and dishes,10851 (EMTAK 2008),10.85,Annual report
1201,Repair of furniture and home furnishings,95241 (EMTAK 2008),95.24,Annual report
1202,Hotels,55101 (EMTAK 2008),55.1,Annual report
1203,Rental and operating of own or leased real estate,68201 (EMTAK 2008),68.2,Annual report
1204,Computer programming activities,62011 (EMTAK 2008),62.01,Annual report
1205,Artistic creation,90031 (EMTAK 2008),90.03,Annual report
1207,"Production and presentation of live concerts, musical creation and other similar activities",90012 (EMTAK 2008),90.01,Annual report
1209,Public relations and communication activities,70211 (EMTAK 2008),70.21,Annual report
1210,Computer programming activities,62011 (EMTAK 2008),62.01,Annual report
1211,"Trusts, funds and similar financial entities",64301 (EMTAK 2008),64.3,Electronic submission
1212,Business and other management consultancy activities,70221 (EMTAK 2008),70.22,Annual report
1213,Activities of sports clubs for the disabled,93122 (EMTAK 2008),93.12,Annual report
1214,"Other financial service activities, except insurance and pension funding n.e.c.",64991 (EMTAK 2008),64.99,Annual report
1217,Other sports activities,9319 (EMTAK 2008),93.19,Annual report
1219,"Office management, combined secretarial services",82111 (EMTAK 2008),82.11,Annual report
1220,Forwarding agencies services,52291 (EMTAK 2008),52.29,Annual report
1221,Forwarding agencies services,52291 (EMTAK 2008),52.29,Electronic submission
1222,Retail sale via mail order houses or via Internet,47911 (EMTAK 2008),47.91,Annual report
1224,Retail sale via mail order houses or via Internet,47911 (EMTAK 2008),47.91,Electronic submission
1225,Other engineering-technical activities,71129 (EMTAK 2008),71.12,Electronic submission
1226,"Restaurants, cafeterias and other catering places",56101 (EMTAK 2008),56.1,Annual report
1227,Operation of sports facilities,93111 (EMTAK 2008),93.11,Annual report
1230,Activities of sports clubs,93121 (EMTAK 2008),93.12,Annual report
1232,Temporary employment agency activities,78201 (EMTAK 2008),78.2,Electronic submission
1234,Rental and operating of own or leased real estate,68201 (EMTAK 2008),68.2,Annual report
1236,Activities of sports clubs,93121 (EMTAK 2008),93.12,Electronic submission
1239,Manufacture of furniture n.e.c.,31091 (EMTAK 2008),31.09,Annual report
1241,Engineering activities and related technical consultancy,7112 (EMTAK 2008),71.12,Electronic submission
1242,Wholesale of medical appliances and surgical and orthopaedic instruments and devices,46462 (EMTAK 2008),46.46,Annual report
1243,Rental and operating of own or leased real estate,68201 (EMTAK 2008),68.2,Annual report
1244,Construction of residential and non-residential buildings,41201 (EMTAK 2008),41.2,Annual report
1245,Retail sale of sanitary and water supply equipment and supplies,47522 (EMTAK 2008),47.52,Annual report
1246,Fitness facilities,93131 (EMTAK 2008),93.13,Annual report
1247,"Agents involved in the sale of textiles, clothing, fur, footwear and leather goods",46161 (EMTAK 2008),46.16,Annual report
1248,Freight transport by road,49411 (EMTAK 2008),49.41,Annual report
1249,Other software publishing,58291 (EMTAK 2008),58.29,Annual report
1250,"Restaurants, cafeterias and other catering places",56101 (EMTAK 2008),56.1,Annual report
1251,"Wholesale of other general-purpose and special-purpose machinery, apparatus and equipment",46699 (EMTAK 2008),46.69,Annual report
1252,Other information service activities n.e.c.,63991 (EMTAK 2008),63.99,Electronic submission
1253,Wholesale of sanitary equipment and other construction materials,46732 (EMTAK 2008),46.73,Annual report
1254,Hairdressing and other beauty treatment,96021 (EMTAK 2008),96.02,Electronic submission
1256,Wholesale of sanitary equipment and other construction materials,46732 (EMTAK 2008),46.73,Annual report
1257,Research and experimental development on social sciences and humanities,72201 (EMTAK 2008),72.2,Annual report
1258,"Activities of saunas, sunbeds and massage salons and other services related to physical well-being",96041 (EMTAK 2008),96.04,Electronic submission
1259,Financial consulting,66191 (EMTAK 2008),66.19,Annual report
1261,"Other professional, scientific and technical activities n.e.c.",7490 (EMTAK 2008),74.9,Annual report
1264,Hotels,55101 (EMTAK 2008),55.1,Annual report
1265,"Manufacture of prefabricated wooden buildings (e.g. saunas, summerhouses, houses) or elements thereof",16232 (EMTAK 2008),16.23,Annual report
1266,Computer programming activities,62011 (EMTAK 2008),62.01,Annual report
1267,Rental and operating of own or leased real estate,68201 (EMTAK 2008),68.2,Annual report
1270,Other sports and recreational education,85519 (EMTAK 2008),85.51,Annual report
1271,Other information technology and computer service activities,62091 (EMTAK 2008),62.09,Annual report
1272,Activities of sports clubs,93121 (EMTAK 2008),93.12,Annual report
1273,Retail sale via mail order houses or via Internet,47911 (EMTAK 2008),47.91,Electronic submission
1274,Computer programming activities,62011 (EMTAK 2008),62.01,Electronic submission
1275,Car washing and other services,45202 (EMTAK 2008),45.2,Annual report
1276,Retail trade of motor vehicle parts and accessories,45321 (EMTAK 2008),45.32,Electronic submission
1277,Computer programming activities,62011 (EMTAK 2008),62.01,Electronic submission
1279,Retail sale of souvenirs and craftwork articles in specialised stores,47783 (EMTAK 2008),47.78,Electronic submission
1280,Activities of nurseries,85102 (EMTAK 2008),85.1,Other source
1281,Business and other management consultancy activities,70221 (EMTAK 2008),70.22,Electronic submission
1282,"Restaurants, cafeterias and other catering places",56101 (EMTAK 2008),56.1,Annual report
1283,Other specialised construction activities n.e.c.,4399 (EMTAK 2008),43.99,Annual report
1287,Other transportation support activities,5229 (EMTAK 2008),52.29,Annual report
1289,Retail trade of motor vehicle parts and accessories,45321 (EMTAK 2008),45.32,Electronic submission
1290,Environment and nature protection associations,94996 (EMTAK 2008),94.99,Annual report
1291,Activities of sports clubs,93121 (EMTAK 2008),93.12,Annual report
1292,Other business support service activities n.e.c.,82991 (EMTAK 2008),82.99,Electronic submission
1293,Language training,85591 (EMTAK 2008),85.59,Annual report
1294,Artistic creation,90031 (EMTAK 2008),90.03,Annual report
1296,Rental and operating of own or leased real estate,68201 (EMTAK 2008),68.2,Annual report
1297,Other real estate management or related activities,68329 (EMTAK 2008),68.32,Annual report
1298,Other information technology and computer service activities,62091 (EMTAK 2008),62.09,Electronic submission
1299,Photographic activities,74201 (EMTAK 2008),74.2,Electronic submission
1300,Manufacture of insulating glass and other building material of glass,23191 (EMTAK 2008),23.19,Annual report
1301,Other amusement and recreation activities,9329 (EMTAK 2008),93.29,Annual report
1302,Other amusement and recreation activities,9329 (EMTAK 2008),93.29,Annual report
1303,Rental and operating of own or leased real estate,68201 (EMTAK 2008),68.2,Annual report
1304,"Ethnic minorities organisations and cultural societies, associations for the purpose of integrityand friendship between nations",94994 (EMTAK 2008),94.99,Annual report
1306,Wholesale of footwear,46422 (EMTAK 2008),46.42,Annual report
1307,Business and other management consultancy activities,7022 (EMTAK 2008),70.22,Annual report
1308,Other sprts activities not classified elsewhere,93199 (EMTAK 2008),93.19,Electronic submission
1309,Forwarding agencies services,52291 (EMTAK 2008),52.29,Annual report
1311,Other retail sale in non-specialised stores,47191 (EMTAK 2008),47.19,Recoding
1315,General cleaning of buildings,81211 (EMTAK 2008),81.21,Annual report
1316,"Activities of saunas, sunbeds and massage salons and other services related to physical well-being",96041 (EMTAK 2008),96.04,Annual report
1317,"Activities of saunas, sunbeds and massage salons and other services related to physical well-being",96041 (EMTAK 2008),96.04,Annual report
1318,"Activities of saunas, sunbeds and massage salons and other services related to physical well-being",96041 (EMTAK 2008),96.04,Annual report
1319,Installation of plumbing and sanitary equipment,43222 (EMTAK 2008),43.22,Annual report
1320,"Installation of heating, ventilation and air conditioning equipment",43221 (EMTAK 2008),43.22,Annual report
1321,Retail sale via mail order houses or via Internet,47911 (EMTAK 2008),47.91,Electronic submission
1322,Other information service activities n.e.c.,63991 (EMTAK 2008),63.99,Annual report
1323,"Agents involved in the sale of machinery, industrial equipment, ships and aircraft",46141 (EMTAK 2008),46.14,Annual report
1326,Real estate agencies,68311 (EMTAK 2008),68.31,Annual report
1327,Agents involved in the sale of a variety of goods,46191 (EMTAK 2008),46.19,Annual report
1329,Manufacture of other chemical products n.e.c.,20591 (EMTAK 2008),20.59,Annual report
1331,Construction of residential and non-residential buildings,41201 (EMTAK 2008),41.2,Annual report
1333,Computer consultancy activities,62021 (EMTAK 2008),62.02,Electronic submission
1334,Other business support service activities n.e.c.,82991 (EMTAK 2008),82.99,Electronic submission
1335,"Agents involved in the sale of machinery, industrial equipment, ships and aircraft",46141 (EMTAK 2008),46.14,Annual report
1336,"Agents involved in the sale of machinery, industrial equipment, ships and aircraft",46141 (EMTAK 2008),46.14,Electronic submission
1337,Other information technology and computer service activities,62091 (EMTAK 2008),62.09,Electronic submission
1341,Other software publishing,58291 (EMTAK 2008),58.29,Annual report
1342,Computer programming activities,62011 (EMTAK 2008),62.01,Annual report
1343,Non-specialised wholesale trade,46901 (EMTAK 2008),46.9,Annual report
1346,Computer programming activities,62011 (EMTAK 2008),62.01,Electronic submission
1347,Computer consultancy activities,62021 (EMTAK 2008),62.02,Electronic submission
1348,Freight transport by road,49411 (EMTAK 2008),49.41,Annual report
1349,Agents involved in the sale of timber and building materials,46131 (EMTAK 2008),46.13,Annual report
1350,Freight transport by road,49411 (EMTAK 2008),49.41,Annual report
1351,Other business support service activities n.e.c.,82991 (EMTAK 2008),82.99,Annual report
1354,Freight transport by road,49411 (EMTAK 2008),49.41,Annual report
1355,Rental and leasing of cars and light motor vehicles,77111 (EMTAK 2008),77.11,Annual report
1356,Rental and operating of own or leased real estate,68201 (EMTAK 2008),68.2,Annual report
1359,Advertising agencies,73111 (EMTAK 2008),73.11,Annual report
1361,Real estate agencies,68311 (EMTAK 2008),68.31,Annual report
1362,"Associations and social clubs related to recreational activities, entertainment, cultural activities or hobbies",94995 (EMTAK 2008),94.99,Annual report
1364,Performing arts,9001 (EMTAK 2008),90.01,Annual report
1365,Non-specialised wholesale trade,46901 (EMTAK 2008),46.9,Annual report
1366,Non-specialised wholesale trade,46901 (EMTAK 2008),46.9,Annual report
1367,Other specialised construction activities,43999 (EMTAK 2008),43.99,Annual report
1368,Other amusement and recreation activities not classified elsewhere,93299 (EMTAK 2008),93.29,Annual report
1371,"Activities of call centres, telemarketing",82201 (EMTAK 2008),82.2,Annual report
1372,Other research and experimental development on natural sciences and engineering,72191 (EMTAK 2008),72.19,Electronic submission
1374,Advertising agencies,73111 (EMTAK 2008),73.11,Electronic submission
1375,Computer programming activities,62011 (EMTAK 2008),62.01,Annual report
1376,"Activities of saunas, sunbeds and massage salons and other services related to physical well-being",96041 (EMTAK 2008),96.04,Annual report
1378,Construction of residential and non-residential buildings,41201 (EMTAK 2008),41.2,Annual report
1383,Rental and operating of own or leased real estate,68201 (EMTAK 2008),68.2,Annual report
1384,Other amusement and recreation activities,9329 (EMTAK 2008),93.29,Annual report
1387,Other information technology and computer service activities,62091 (EMTAK 2008),62.09,Electronic submission
1389,Mixed farming,01501 (EMTAK 2008),1.5,Electronic submission
1391,Marine fishing,03111 (EMTAK 2008),3.11,Field of activity code data encoding by RIK
1395,Mixed farming,01501 (EMTAK 2008),1.5,Annual report
1398,Wholesale of wood and products for the first-stage processing of wood,46731 (EMTAK 2008),46.73,Annual report
1399,Travel agency activities,79111 (EMTAK 2008),79.11,Annual report
1401,Business and other management consultancy activities,70221 (EMTAK 2008),70.22,Electronic submission
1402,Non-specialised wholesale trade,46901 (EMTAK 2008),46.9,Electronic submission
1404,Production of television programmes,59112 (EMTAK 2008),59.11,Annual report
1405,Sewerage and wastewater management,37001 (EMTAK 2008),37.0,Annual report
1406,Other building completion and finishing,43391 (EMTAK 2008),43.39,Annual report
1407,Activities of amusement parks and theme parks,93211 (EMTAK 2008),93.21,Annual report
1409,"Renting and operational leasing of other machinery, equipment and tangible assets not classified elsewhere",77399 (EMTAK 2008),77.39,Annual report
1410,Freshwater fishing,03121 (EMTAK 2008),3.12,Electronic submission
1412,Other business support service activities n.e.c.,82991 (EMTAK 2008),82.99,Electronic submission
1413,Activities of amusement parks and theme parks,93211 (EMTAK 2008),93.21,Electronic submission
1415,Rental and operating of own or leased real estate,68201 (EMTAK 2008),68.2,Annual report
1416,Rental and operating of own or leased real estate,68201 (EMTAK 2008),68.2,Annual report
1418,"Other retail sale not in stores, stalls or markets",47991 (EMTAK 2008),47.99,Annual report
1420,Non-specialised wholesale trade,46901 (EMTAK 2008),46.9,Annual report
1421,Photographic activities,74201 (EMTAK 2008),74.2,Annual report
1423,Construction of residential and non-residential buildings,41201 (EMTAK 2008),41.2,Annual report
1426,Computer programming activities,62011 (EMTAK 2008),62.01,Electronic submission
1427,"Restaurants, cafeterias and other catering places",56101 (EMTAK 2008),56.1,Annual report
1429,Other hobby education,85529 (EMTAK 2008),85.52,Electronic submission
1430,Hotels,55101 (EMTAK 2008),55.1,Annual report
1431,Repair and maintenance of aircraft and spacecraft,33161 (EMTAK 2008),33.16,Annual report
1432,Rental and operating of own or leased real estate,68201 (EMTAK 2008),68.2,Annual report
1433,Associations and unions of people with health disorders; associations and unions of the disabled,94997 (EMTAK 2008),94.99,Electronic submission
1435,Other postal and express service,53201 (EMTAK 2008),53.2,Annual report
1436,Other information service activities n.e.c.,63991 (EMTAK 2008),63.99,Electronic submission
1437,Manufacture of other metal structures and parts of structures,25119 (EMTAK 2008),25.11,Electronic submission
1438,Retail sale via mail order houses or via Internet,47911 (EMTAK 2008),47.91,Electronic submission
1439,Manufacture of ceramic sanitary fixtures,23421 (EMTAK 2008),23.42,Annual report
1440,Business and other management consultancy activities,70221 (EMTAK 2008),70.22,Annual report
1441,Business and other management consultancy activities,70221 (EMTAK 2008),70.22,Electronic submission
1442,Computer consultancy activities,62021 (EMTAK 2008),62.02,Electronic submission
1443,Specialised design activities,74101 (EMTAK 2008),74.1,Annual report
1445,Rental and operating of own or leased real estate,68201 (EMTAK 2008),68.2,Electronic submission
1446,Other business support service activities n.e.c.,82991 (EMTAK 2008),82.99,Annual report
1447,Electrical installation,4321 (EMTAK 2008),43.21,Annual report
1448,Buying and selling of own real estate,68101 (EMTAK 2008),68.1,Annual report
1449,"Manufacture of prefabricated wooden buildings (e.g. saunas, summerhouses, houses) or elements thereof",16232 (EMTAK 2008),16.23,Electronic submission
1451,Other software publishing,58291 (EMTAK 2008),58.29,Electronic submission
1452,Computer programming activities,62011 (EMTAK 2008),62.01,Annual report
1453,Computer programming activities,62011 (EMTAK 2008),62.01,Electronic submission
1455,Rental and operating of own or leased real estate,68201 (EMTAK 2008),68.2,Electronic submission
1457,Car washing and other services,45202 (EMTAK 2008),45.2,Annual report
1458,Activities of holding companies,64201 (EMTAK 2008),64.2,Annual report
1459,Combined facilities support activities,81101 (EMTAK 2008),81.1,Annual report
1461,"Other retail sale not in stores, stalls or markets",47991 (EMTAK 2008),47.99,Annual report
1462,Other amusement and recreation activities,9329 (EMTAK 2008),93.29,Electronic submission
1463,Other information technology and computer service activities,62091 (EMTAK 2008),62.09,Electronic submission
1464,"Other professional, scientific and technical activities n.e.c.",74901 (EMTAK 2008),74.9,Annual report
1465,Retail sale via mail order houses or via Internet,47911 (EMTAK 2008),47.91,Annual report
1466,Manufacture of furniture n.e.c.,31091 (EMTAK 2008),31.09,Annual report
1470,Other business support service activities n.e.c.,82991 (EMTAK 2008),82.99,Electronic submission
